--
-- Script was generated by Devart dbForge Studio 2019 for MySQL, Version 8.2.23.0
-- Product home page: http://www.devart.com/dbforge/mysql/studio
-- Script date 05.11.2019 8:20:28
-- Server version: 8.0.12
-- Client version: 4.1
--

-- 
-- Disable foreign keys
-- 
/*!40014 SET @OLD_FOREIGN_KEY_CHECKS=@@FOREIGN_KEY_CHECKS, FOREIGN_KEY_CHECKS=0 */;

-- 
-- Set SQL mode
-- 
/*!40101 SET @OLD_SQL_MODE=@@SQL_MODE, SQL_MODE='NO_AUTO_VALUE_ON_ZERO' */;

--
-- Set default database
--
USE kanbantool;

--
-- Drop table `bloker`
--
DROP TABLE IF EXISTS bloker;

--
-- Drop table `desk`
--
DROP TABLE IF EXISTS desk;

--
-- Drop table `deskstages`
--
DROP TABLE IF EXISTS deskstages;

--
-- Drop table `responsibleusersbytask`
--
DROP TABLE IF EXISTS responsibleusersbytask;

--
-- Drop table `stage`
--
DROP TABLE IF EXISTS stage;

--
-- Drop table `stagehistory`
--
DROP TABLE IF EXISTS stagehistory;

--
-- Drop table `tasks`
--
DROP TABLE IF EXISTS tasks;

--
-- Drop table `user`
--
DROP TABLE IF EXISTS user;

--
-- Set default database
--
USE kanbantool;

--
-- Create table `user`
--
CREATE TABLE user (
  id INT(11) NOT NULL AUTO_INCREMENT,
  firstname VARCHAR(45) DEFAULT NULL,
  password VARCHAR(45) DEFAULT NULL,
  bitrix24id INT(11) DEFAULT NULL,
  secondname VARCHAR(45) DEFAULT NULL,
  PRIMARY KEY (id)
)
ENGINE = INNODB,
AUTO_INCREMENT = 18,
AVG_ROW_LENGTH = 2048,
CHARACTER SET utf8,
COLLATE utf8_general_ci;

--
-- Create table `tasks`
--
CREATE TABLE tasks (
  idtasks INT(11) NOT NULL AUTO_INCREMENT,
  idbitrix24 INT(11) DEFAULT NULL,
  stageid INT(11) DEFAULT NULL,
  desk INT(11) NOT NULL,
  finished TINYINT(4) NOT NULL DEFAULT 0,
  typetask INT(11) NOT NULL DEFAULT 0,
  PRIMARY KEY (idtasks),
  UNIQUE INDEX Idtasks_UNIQUE(idtasks)
)
ENGINE = INNODB,
AUTO_INCREMENT = 495,
AVG_ROW_LENGTH = 113,
CHARACTER SET utf8,
COLLATE utf8_general_ci;

--
-- Create table `stagehistory`
--
CREATE TABLE stagehistory (
  idtask INT(11) NOT NULL,
  idstage INT(11) DEFAULT NULL,
  start DATETIME DEFAULT NULL,
  end DATETIME DEFAULT NULL,
  durationinmin VARCHAR(45) DEFAULT NULL,
  finised TINYINT(4) DEFAULT 0,
  id INT(11) NOT NULL AUTO_INCREMENT,
  PRIMARY KEY (id, idtask),
  UNIQUE INDEX id_UNIQUE(id)
)
ENGINE = INNODB,
AUTO_INCREMENT = 610,
AVG_ROW_LENGTH = 108,
CHARACTER SET utf8,
COLLATE utf8_general_ci;

--
-- Create table `stage`
--
CREATE TABLE stage (
  idstage INT(11) NOT NULL,
  name VARCHAR(100) DEFAULT NULL,
  description MEDIUMTEXT DEFAULT NULL,
  `order` INT(11) DEFAULT NULL,
  PRIMARY KEY (idstage)
)
ENGINE = INNODB,
AVG_ROW_LENGTH = 1024,
CHARACTER SET utf8,
COLLATE utf8_general_ci;

--
-- Create table `responsibleusersbytask`
--
CREATE TABLE responsibleusersbytask (
  id INT(11) NOT NULL AUTO_INCREMENT,
  idtask INT(11) NOT NULL,
  iduser INT(11) NOT NULL,
  PRIMARY KEY (id)
)
ENGINE = INNODB,
CHARACTER SET utf8,
COLLATE utf8_general_ci;

--
-- Create table `deskstages`
--
CREATE TABLE deskstages (
  iddesk INT(11) NOT NULL,
  idstages INT(11) NOT NULL
)
ENGINE = INNODB,
AVG_ROW_LENGTH = 910,
CHARACTER SET utf8,
COLLATE utf8_general_ci;

--
-- Create table `desk`
--
CREATE TABLE desk (
  id INT(11) NOT NULL AUTO_INCREMENT,
  name VARCHAR(45) DEFAULT NULL,
  description VARCHAR(45) DEFAULT NULL,
  projectsb24 VARCHAR(45) DEFAULT NULL,
  innerhtml MEDIUMTEXT DEFAULT NULL,
  startstage INT(11) DEFAULT NULL,
  endstage VARCHAR(45) DEFAULT NULL,
  PRIMARY KEY (id),
  UNIQUE INDEX id_UNIQUE(id)
)
ENGINE = INNODB,
AUTO_INCREMENT = 3,
AVG_ROW_LENGTH = 8192,
CHARACTER SET utf8,
COLLATE utf8_general_ci;

--
-- Create table `bloker`
--
CREATE TABLE bloker (
  id INT(11) NOT NULL AUTO_INCREMENT,
  idtask INT(11) NOT NULL,
  description VARCHAR(500) DEFAULT NULL,
  startdate DATETIME DEFAULT NULL,
  enddate DATETIME DEFAULT NULL,
  diside VARCHAR(500) DEFAULT NULL,
  finished TINYINT(4) DEFAULT 0,
  PRIMARY KEY (id)
)
ENGINE = INNODB,
AUTO_INCREMENT = 41,
AVG_ROW_LENGTH = 630,
CHARACTER SET utf8,
COLLATE utf8_general_ci;

-- 
-- Dumping data for table user
--
INSERT INTO user VALUES
(10, 'Николай', '', 8, 'Кутняшенко'),
(11, 'Ксения', '', 343, 'Попова'),
(12, 'Дмитрий', '', 208, 'Шапкин'),
(13, 'Антон', '', 361, 'Тарабаров'),
(14, 'Сергей', NULL, 409, 'Макляк'),
(15, 'Антон', NULL, 407, 'Киселев'),
(16, 'Алевтина', NULL, 38, 'Махно'),
(17, 'Вячеслав', NULL, 160, 'Кирюхин');

-- 
-- Dumping data for table tasks
--
INSERT INTO tasks VALUES
(289, 8379, 9, 2, 0, 0),
(290, 8431, 9, 2, 0, 0),
(291, 8433, 9, 2, 0, 0),
(292, 8439, 9, 2, 0, 0),
(293, 8565, 9, 2, 0, 0),
(294, 8567, 9, 2, 0, 0),
(295, 8569, 9, 2, 0, 0),
(296, 8571, 9, 2, 0, 0),
(297, 8573, 9, 2, 0, 0),
(298, 8575, 9, 2, 0, 0),
(299, 8577, 9, 2, 0, 0),
(300, 8579, 9, 2, 0, 0),
(301, 8581, 9, 2, 0, 0),
(303, 2284, 12, 2, 0, 4),
(304, 7931, 9, 2, 0, 0),
(305, 7967, 9, 2, 0, 0),
(306, 7985, 9, 2, 0, 0),
(307, 8463, 1, 2, 1, 0),
(308, 8465, 5, 2, 0, 0),
(309, 8467, 15, 2, 0, 0),
(310, 8469, 15, 2, 0, 0),
(311, 8471, 9, 2, 0, 0),
(312, 8473, 9, 2, 0, 0),
(313, 8475, 9, 2, 0, 0),
(314, 8477, 14, 2, 0, 0),
(315, 8479, 9, 2, 0, 0),
(316, 8481, 9, 2, 0, 0),
(317, 8483, 9, 2, 0, 0),
(318, 8485, 14, 2, 0, 0),
(319, 8487, 9, 2, 0, 0),
(320, 8489, 9, 2, 0, 0),
(321, 8491, 9, 2, 0, 0),
(322, 8493, 9, 2, 0, 0),
(323, 8495, 9, 2, 0, 0),
(324, 8497, 9, 2, 0, 0),
(325, 8499, 9, 2, 0, 0),
(326, 8801, 9, 2, 0, 0),
(327, 8967, 4, 2, 0, 0),
(328, 8971, 9, 2, 0, 0),
(329, 966, 9, 2, 0, 0),
(331, 6579, 9, 2, 0, 0),
(332, 6907, 9, 2, 0, 0),
(333, 7191, 9, 2, 0, 0),
(334, 7217, 9, 2, 0, 0),
(335, 7375, 9, 2, 0, 0),
(336, 7511, 9, 2, 0, 0),
(337, 8255, 9, 2, 0, 0),
(338, 8259, 9, 2, 0, 0),
(339, 8365, 9, 2, 0, 0),
(340, 8383, 9, 2, 0, 0),
(341, 8393, 9, 2, 0, 0),
(342, 8591, 9, 2, 0, 0),
(343, 8721, 9, 2, 0, 0),
(344, 8757, 9, 2, 0, 0),
(345, 8771, 9, 2, 0, 0),
(346, 8805, 9, 2, 0, 0),
(347, 8835, 9, 2, 0, 0),
(348, 8853, 9, 2, 0, 0),
(349, 8903, 9, 2, 0, 0),
(350, 8933, 9, 2, 0, 0),
(351, 8935, 9, 2, 0, 0),
(352, 8937, 9, 2, 0, 0),
(353, 8939, 9, 2, 0, 0),
(354, 8949, 8, 1, 1, 0),
(355, 8955, 12, 2, 0, 4),
(356, 8981, 14, 1, 1, 0),
(357, 8983, 14, 2, 1, 0),
(359, 8987, 14, 2, 1, 0),
(361, 8991, 14, 2, 1, 0),
(362, 8993, 9, 2, 1, 0),
(363, 9013, 8, 2, 1, 1),
(364, 6561, 8, 1, 1, 0),
(365, 7489, 9, 2, 0, 0),
(366, 8373, 9, 2, 0, 0),
(367, 8515, 9, 2, 0, 0),
(368, 8549, 9, 2, 0, 0),
(369, 8587, 9, 2, 0, 0),
(370, 8733, 9, 2, 0, 0),
(371, 8767, 10, 2, 0, 0),
(372, 8807, 9, 2, 0, 0),
(374, 8861, 11, 2, 0, 3),
(375, 8865, 11, 2, 0, 3),
(376, 8907, 8, 2, 1, 3),
(377, 8923, 11, 2, 0, 3),
(378, 9079, 16, 2, 0, 1),
(379, 9089, 8, 1, 1, 0),
(380, 9091, 8, 1, 1, 0),
(381, 9093, 8, 1, 0, 0),
(382, 9131, 6, 2, 0, 0),
(383, 9133, 6, 2, 0, 0),
(384, 9135, 8, 1, 1, 0),
(385, 9137, 1, 2, 0, 0),
(386, 9139, 1, 2, 1, 0),
(387, 9141, 8, 1, 1, 0),
(388, 9151, 8, 1, 1, 0),
(389, 9153, 8, 1, 1, 0),
(390, 9155, 8, 1, 1, 0),
(391, 9157, 8, 2, 1, 0),
(392, 9159, 8, 2, 1, 0),
(393, 9167, 16, 2, 1, 0),
(394, 9169, 16, 2, 0, 3),
(395, 9171, 8, 2, 1, 0),
(396, 9177, 7, 2, 0, 0),
(397, 9179, 1, 2, 0, 0),
(398, 9181, 7, 2, 0, 0),
(399, 9183, 1, 2, 0, 0),
(400, 9185, 4, 2, 0, 0),
(401, 9187, 8, 2, 1, 0),
(402, 9189, 6, 2, 0, 1),
(403, 9191, 8, 2, 1, 1),
(404, 9193, 8, 2, 1, 2),
(405, 9195, 8, 2, 1, 2),
(406, 9197, 8, 2, 1, 0),
(407, 9199, 8, 2, 1, 2),
(408, 8985, 14, 2, 0, 0),
(412, 9209, 8, 2, 1, 2),
(413, 9211, 4, 2, 0, 1),
(441, 9269, 8, 0, 1, 1),
(444, 9279, 8, 0, 1, 1),
(446, 9283, 6, 0, 0, 1),
(447, 9287, 8, 0, 1, 2),
(449, 9285, 8, 0, 1, 1),
(452, 9289, 8, 0, 1, 2),
(453, 9291, 8, 0, 1, 2),
(454, 9293, 8, 0, 1, 2),
(455, 9295, 8, 0, 1, 1),
(456, 9297, 2, 0, 0, 1),
(457, 9299, 11, 0, 0, 2),
(458, 9301, 8, 0, 1, 2),
(459, 9303, 8, 0, 1, 3),
(460, 9305, 16, 0, 0, 1),
(461, 9307, 2, 0, 0, 0),
(462, 9309, 9, 0, 0, 0),
(463, 9311, 11, 0, 0, 2),
(464, 9313, 8, 0, 1, 2),
(465, 9315, 11, 0, 0, 1),
(466, 9317, 11, 0, 0, 1),
(467, 9319, 11, 0, 0, 1),
(468, 9321, 4, 0, 0, 2),
(469, 9323, 8, 0, 0, 1),
(470, 9325, 11, 0, 0, 2),
(471, 9327, 11, 0, 0, 2),
(472, 9329, 9, 0, 0, 0),
(473, 9331, 9, 0, 0, 0),
(474, 9333, 9, 0, 0, 0),
(475, 9335, 8, 0, 1, 0),
(476, 9337, 8, 0, 0, 2),
(477, 9341, 8, 0, 1, 0),
(478, 9349, 8, 0, 0, 0),
(479, 9351, 8, 0, 1, 0),
(480, 9353, 9, 0, 0, 0),
(481, 9359, 16, 0, 0, 0),
(482, 9361, 8, 0, 1, 2),
(483, 9363, 11, 0, 0, 4),
(484, 9365, 5, 0, 0, 0),
(485, 9367, 8, 0, 1, 0),
(486, 9369, 1, 0, 0, 2),
(487, 9371, 1, 0, 0, 1),
(488, 9373, 8, 0, 0, 1),
(489, 9375, 4, 0, 0, 1),
(490, 9383, 6, 0, 0, 0),
(491, 9389, 1, 0, 0, 0),
(492, 9391, 1, 0, 0, 2),
(493, 9393, 1, 0, 0, 2),
(494, 9395, 4, 0, 0, 2);

-- 
-- Dumping data for table stagehistory
--
INSERT INTO stagehistory VALUES
(379, 13, '2019-09-10 15:31:22', '2019-09-10 22:31:49', '0', 1, 46),
(380, 13, '2019-09-10 15:31:28', '2019-09-10 22:31:44', '0', 1, 47),
(381, 13, '2019-09-10 15:31:30', '2019-09-10 22:31:43', '0', 1, 48),
(381, 6, '2019-09-10 15:31:43', '2019-09-11 20:01:29', '0', 1, 49),
(380, 7, '2019-09-10 15:31:45', '2019-09-10 22:47:23', '0', 1, 50),
(379, 14, '2019-09-10 15:31:49', '2019-09-13 07:10:04', '0', 1, 51),
(380, 7, '2019-09-10 15:47:23', '2019-09-11 20:01:36', '0', 1, 52),
(355, 3, '2019-09-11 12:47:11', '2019-09-11 19:47:11', '0', 1, 53),
(355, 2, '2019-09-11 12:47:11', '2019-09-17 16:16:13', '0', 1, 54),
(356, 8, '2019-09-11 12:48:07', '2019-09-16 16:34:07', '0', 1, 55),
(381, 6, '2019-09-11 13:01:30', '2019-09-12 13:10:07', '0', 1, 56),
(380, 8, '2019-09-11 13:01:37', '2019-09-12 12:59:49', '0', 1, 57),
(380, 14, '2019-09-12 05:59:49', '2019-09-13 10:17:46', '0', 1, 58),
(381, 7, '2019-09-12 06:10:08', '2019-09-13 14:12:54', '0', 1, 59),
(379, 15, '2019-09-13 00:10:04', '2019-09-13 10:17:49', '0', 1, 60),
(380, 15, '2019-09-13 03:17:46', NULL, '0', 0, 61),
(379, 15, '2019-09-13 03:17:49', NULL, '0', 0, 62),
(381, 8, '2019-09-13 07:12:54', '2019-09-16 13:07:28', '0', 1, 63),
(381, 8, '2019-09-16 06:07:28', '2019-09-18 13:54:07', '0', 1, 68),
(356, 9, '2019-09-16 09:34:08', '2019-09-18 18:35:18', '0', 1, 69),
(354, 1, '2019-08-22 01:00:00', '2019-09-02 01:00:00', '0', 1, 87),
(354, 2, '2019-09-02 01:00:00', '2019-09-17 16:34:11', '0', 1, 88),
(355, 2, '2019-09-17 09:16:13', '2019-09-17 16:16:14', '0', 1, 89),
(355, 3, '2019-09-17 09:16:14', '2019-09-17 16:16:15', '0', 1, 90),
(355, 2, '2019-09-17 09:16:15', '2019-09-17 22:28:51', '0', 1, 91),
(289, 1, '2019-09-17 09:16:17', '2019-09-17 16:16:17', '0', 1, 92),
(289, 0, '2019-09-17 09:16:17', '2019-10-08 02:47:17', '0', 1, 93),
(354, 4, '2019-09-17 09:34:12', '2019-10-07 07:59:58', '0', 1, 94),
(355, 2, '2019-09-17 15:28:52', '2019-09-17 22:28:54', '0', 1, 95),
(355, 2, '2019-09-17 15:28:55', '2019-09-17 22:29:02', '0', 1, 96),
(355, 2, '2019-09-17 15:29:02', '2019-09-18 13:37:54', '0', 1, 97),
(381, 4, '2019-09-18 14:14:34', '2019-09-19 06:46:24', '0', 1, 139),
(355, 4, '2019-09-18 23:46:15', '2019-09-19 06:46:19', '0', 1, 140),
(355, 8, '2019-09-18 23:46:19', '2019-09-19 06:46:21', '0', 1, 141),
(355, 4, '2019-09-18 23:46:22', '2019-09-19 08:01:08', '0', 1, 142),
(381, 8, '2019-09-18 23:46:25', '2019-10-01 06:39:17', '0', 1, 143),
(355, 2, '2019-09-19 01:01:09', '2019-10-07 07:07:46', '0', 1, 144),
(364, 15, '2019-09-30 16:08:56', '2019-10-06 20:44:06', '0', 1, 145),
(381, 9, '2019-09-30 23:39:18', '2019-10-06 20:43:36', '0', 1, 146),
(387, 6, '2019-10-01 05:35:18', '2019-10-01 13:05:47', '0', 1, 147),
(387, 7, '2019-10-01 06:05:48', '2019-10-01 13:05:52', '0', 1, 148),
(387, 8, '2019-10-01 06:05:52', '2019-10-01 13:05:54', '0', 1, 149),
(387, 9, '2019-10-01 06:05:54', '2019-10-01 13:24:26', '0', 1, 150),
(387, 14, '2019-10-01 06:24:27', '2019-10-01 14:07:54', '0', 1, 151),
(387, 15, '2019-10-01 07:07:54', NULL, '0', 0, 152),
(382, 6, '2019-10-02 01:03:08', '2019-10-02 08:03:13', '0', 1, 153),
(382, 7, '2019-10-02 01:03:13', '2019-10-06 20:44:11', '0', 1, 154),
(384, 9, '2019-10-02 04:02:00', '2019-10-02 11:29:12', '0', 1, 155),
(384, 14, '2019-10-02 04:29:12', '2019-10-02 12:57:00', '0', 1, 156),
(384, 15, '2019-10-02 05:57:00', NULL, '0', 0, 157),
(389, 6, '2019-10-03 03:52:15', '2019-10-03 12:17:44', '0', 1, 158),
(357, 0, '2019-10-03 03:52:20', '2019-10-08 07:45:12', '0', 1, 159),
(358, 0, '2019-10-03 03:52:22', '2019-10-08 07:45:26', '0', 1, 160),
(359, 0, '2019-10-03 03:52:23', '2019-10-08 07:45:33', '0', 1, 161),
(360, 0, '2019-10-03 03:52:24', '2019-10-08 07:45:31', '0', 1, 162),
(361, 0, '2019-10-03 03:52:25', '2019-10-08 07:45:41', '0', 1, 163),
(363, 0, '2019-10-03 03:52:26', '2019-10-08 07:45:57', '0', 1, 164),
(378, 0, '2019-10-03 03:52:28', '2019-10-08 09:38:41', '0', 1, 165),
(390, 6, '2019-10-03 03:52:38', '2019-10-04 10:32:41', '0', 1, 166),
(388, 6, '2019-10-03 03:52:49', '2019-10-07 07:59:55', '0', 1, 167),
(389, 7, '2019-10-03 05:17:45', '2019-10-03 20:27:56', '0', 1, 168),
(389, 15, '2019-10-03 13:27:56', NULL, '0', 0, 169),
(377, 3, '2019-10-04 00:00:43', '2019-10-04 07:00:44', '0', 1, 170),
(377, 4, '2019-10-04 00:00:45', '2019-10-04 07:00:46', '0', 1, 171),
(377, 5, '2019-10-04 00:00:47', '2019-10-04 07:00:48', '0', 1, 172),
(377, 0, '2019-10-04 00:00:49', '2019-10-07 10:39:41', '0', 1, 173),
(390, 9, '2019-10-04 03:32:42', '2019-10-06 20:43:37', '0', 1, 174),
(381, 4, '2019-10-06 13:43:37', '2019-10-14 07:58:58', '0', 1, 175),
(390, 4, '2019-10-06 13:43:38', '2019-10-07 10:48:43', '0', 1, 176),
(356, 4, '2019-10-06 13:43:39', '2019-10-09 11:20:20', '0', 1, 177),
(364, 8, '2019-10-06 13:44:07', NULL, '0', 0, 178),
(382, 1, '2019-10-06 13:44:12', '2019-10-06 20:44:15', '0', 1, 179),
(382, 0, '2019-10-06 13:44:16', '2019-10-06 22:33:10', '0', 1, 180),
(303, 12, '2019-10-06 14:54:19', NULL, '0', 0, 181),
(383, 11, '2019-10-06 15:33:01', '2019-10-09 11:02:49', '0', 1, 182),
(382, 11, '2019-10-06 15:33:11', '2019-10-09 11:02:48', '0', 1, 183),
(355, 12, '2019-10-07 00:07:47', NULL, '0', 0, 184),
(388, 1, '2019-10-07 00:59:56', '2019-10-08 02:04:43', '0', 1, 185),
(354, 6, '2019-10-07 00:59:59', '2019-10-17 11:06:38', '0', 1, 186),
(393, 10, '2019-10-07 03:37:53', '2019-10-09 11:02:56', '0', 1, 187),
(386, 10, '2019-10-07 03:38:14', '2019-10-09 11:02:55', '0', 1, 188),
(385, 10, '2019-10-07 03:38:29', '2019-10-09 11:02:54', '0', 1, 189),
(392, 15, '2019-10-07 03:38:47', '2019-10-07 10:38:47', '0', 1, 190),
(392, 16, '2019-10-07 03:38:48', '2019-10-09 11:09:54', '0', 1, 191),
(377, 16, '2019-10-07 03:39:41', '2019-10-07 10:39:45', '0', 1, 192),
(377, 9, '2019-10-07 03:39:46', '2019-10-10 10:17:10', '0', 1, 193),
(390, 6, '2019-10-07 03:48:43', '2019-10-09 13:32:11', '0', 1, 194),
(388, 0, '2019-10-07 19:04:44', '2019-10-10 10:22:39', '0', 1, 195),
(289, 15, '2019-10-07 19:47:18', '2019-10-08 02:47:33', '0', 1, 196),
(289, 2, '2019-10-07 19:47:34', '2019-10-08 02:48:24', '0', 1, 197),
(391, 15, '2019-10-07 19:47:46', '2019-10-08 06:51:29', '0', 1, 198),
(289, 15, '2019-10-07 19:48:25', '2019-10-08 02:48:29', '0', 1, 199),
(289, 9, '2019-10-07 19:48:30', NULL, '0', 0, 200),
(391, 1, '2019-10-07 23:51:29', '2019-10-10 08:11:39', '0', 1, 201),
(357, 15, '2019-10-08 00:45:12', '2019-10-09 11:02:36', '0', 1, 202),
(358, 15, '2019-10-08 00:45:27', '2019-10-09 11:02:36', '0', 1, 203),
(360, 15, '2019-10-08 00:45:31', '2019-10-09 11:02:39', '0', 1, 204),
(359, 15, '2019-10-08 00:45:34', '2019-10-09 11:02:37', '0', 1, 205),
(361, 15, '2019-10-08 00:45:41', '2019-10-09 11:02:37', '0', 1, 206),
(363, 15, '2019-10-08 00:45:57', '2019-10-08 07:46:20', '0', 1, 207),
(363, 5, '2019-10-08 00:46:21', '2019-10-09 13:59:25', '0', 1, 208),
(394, 11, '2019-10-08 02:35:34', '2019-10-09 11:02:50', '0', 1, 209),
(378, 16, '2019-10-08 02:38:41', NULL, '0', 0, 210),
(395, 16, '2019-10-08 07:46:30', '2019-10-09 16:35:13', '0', 1, 211),
(357, 14, '2019-10-09 04:02:36', '2019-10-09 15:09:07', '0', 1, 212),
(358, 14, '2019-10-09 04:02:37', NULL, '0', 0, 213),
(359, 14, '2019-10-09 04:02:37', NULL, '0', 0, 214),
(361, 14, '2019-10-09 04:02:38', NULL, '0', 0, 215),
(360, 14, '2019-10-09 04:02:39', NULL, '0', 0, 216),
(382, 16, '2019-10-09 04:02:48', '2019-10-16 13:29:43', '0', 1, 217),
(383, 16, '2019-10-09 04:02:49', '2019-10-09 16:31:03', '0', 1, 218),
(394, 16, '2019-10-09 04:02:51', NULL, '0', 0, 219),
(385, 16, '2019-10-09 04:02:54', '2019-10-23 13:12:16', '0', 1, 220),
(386, 16, '2019-10-09 04:02:56', '2019-10-29 19:26:07', '0', 1, 221),
(393, 16, '2019-10-09 04:02:57', '2019-10-09 16:32:45', '0', 1, 222),
(392, 15, '2019-10-09 04:09:55', '2019-10-09 11:16:53', '0', 1, 223),
(392, 8, '2019-10-09 04:16:53', NULL, '0', 0, 224),
(356, 15, '2019-10-09 04:20:21', '2019-10-09 11:20:26', '0', 1, 225),
(356, 14, '2019-10-09 04:20:27', NULL, '0', 0, 226),
(397, 16, '2019-10-09 05:25:19', '2019-10-22 15:11:11', '0', 1, 227),
(398, 16, '2019-10-09 05:25:22', '2019-10-22 08:08:35', '0', 1, 228),
(396, 16, '2019-10-09 05:25:23', '2019-10-16 13:29:54', '0', 1, 229),
(401, 16, '2019-10-09 06:21:45', '2019-10-09 16:33:33', '0', 1, 230),
(400, 16, '2019-10-09 06:21:47', '2019-10-23 13:12:24', '0', 1, 231),
(399, 16, '2019-10-09 06:21:51', '2019-10-23 13:12:19', '0', 1, 232),
(390, 8, '2019-10-09 06:32:12', NULL, '0', 0, 233),
(363, 6, '2019-10-09 06:59:25', '2019-10-18 09:20:46', '0', 1, 234),
(357, 15, '2019-10-09 08:09:08', '2019-10-09 15:09:13', '0', 1, 235),
(357, 1, '2019-10-09 08:09:13', '2019-10-09 15:09:26', '0', 1, 236),
(357, 15, '2019-10-09 08:09:27', '2019-10-09 15:09:31', '0', 1, 237),
(357, 14, '2019-10-09 08:09:31', NULL, '0', 0, 238),
(383, 15, '2019-10-09 09:31:03', '2019-10-09 20:44:43', '0', 1, 239),
(393, 15, '2019-10-09 09:32:46', '2019-10-09 20:44:43', '0', 1, 240),
(401, 15, '2019-10-09 09:33:33', '2019-10-09 20:44:45', '0', 1, 241),
(395, 15, '2019-10-09 09:35:14', '2019-10-09 20:44:44', '0', 1, 242),
(383, 1, '2019-10-09 13:44:43', '2019-10-16 08:09:32', '0', 1, 243),
(393, 1, '2019-10-09 13:44:44', '2019-10-16 16:44:22', '0', 1, 244),
(395, 1, '2019-10-09 13:44:45', '2019-10-13 21:20:31', '0', 1, 245),
(401, 1, '2019-10-09 13:44:45', '2019-10-14 16:31:48', '0', 1, 246),
(391, 4, '2019-10-10 01:11:39', '2019-10-10 12:16:23', '0', 1, 247),
(407, 15, '2019-10-10 03:17:02', '2019-10-10 10:17:46', '0', 1, 248),
(406, 15, '2019-10-10 03:17:03', '2019-10-10 10:17:47', '0', 1, 249),
(405, 15, '2019-10-10 03:17:05', '2019-10-10 10:17:39', '0', 1, 250),
(404, 15, '2019-10-10 03:17:07', '2019-10-10 10:17:36', '0', 1, 251),
(403, 15, '2019-10-10 03:17:08', '2019-10-10 10:17:33', '0', 1, 252),
(402, 15, '2019-10-10 03:17:09', '2019-10-10 10:17:30', '0', 1, 253),
(377, 15, '2019-10-10 03:17:10', '2019-10-10 10:17:20', '0', 1, 254),
(376, 15, '2019-10-10 03:17:12', '2019-10-10 10:17:14', '0', 1, 255),
(376, 9, '2019-10-10 03:17:15', '2019-10-18 08:24:16', '0', 1, 256),
(377, 9, '2019-10-10 03:17:20', '2019-10-18 08:24:40', '0', 1, 257),
(402, 1, '2019-10-10 03:17:31', '2019-10-17 12:19:49', '0', 1, 258),
(403, 1, '2019-10-10 03:17:34', '2019-10-14 12:49:37', '0', 1, 259),
(404, 1, '2019-10-10 03:17:37', '2019-10-15 10:26:35', '0', 1, 260),
(405, 4, '2019-10-10 03:17:40', '2019-10-15 10:26:21', '0', 1, 261),
(407, 4, '2019-10-10 03:17:47', '2019-10-15 07:55:54', '0', 1, 262),
(406, 4, '2019-10-10 03:17:48', '2019-10-10 10:18:34', '0', 1, 263),
(406, 6, '2019-10-10 03:18:34', '2019-10-17 12:17:56', '0', 1, 264),
(388, 6, '2019-10-10 03:22:40', '2019-10-11 08:07:23', '0', 1, 265),
(391, 6, '2019-10-10 05:16:23', '2019-10-11 08:07:26', '0', 1, 266),
(411, 10, '2019-10-10 05:23:20', '2019-10-10 12:23:21', '0', 1, 267),
(411, 11, '2019-10-10 05:23:22', '2019-10-10 12:23:40', '0', 1, 268),
(411, 16, '2019-10-10 05:23:40', '2019-10-10 12:24:13', '0', 1, 269),
(411, 15, '2019-10-10 05:24:13', '2019-10-10 12:24:18', '0', 1, 270),
(411, 1, '2019-10-10 05:24:18', '2019-10-10 12:24:30', '0', 1, 271),
(411, 2, '2019-10-10 05:24:31', '2019-10-10 12:24:31', '0', 1, 272),
(411, 3, '2019-10-10 05:24:31', '2019-10-10 12:24:32', '0', 1, 273),
(411, 4, '2019-10-10 05:24:32', '2019-10-10 12:24:33', '0', 1, 274),
(411, 5, '2019-10-10 05:24:33', '2019-10-10 12:24:35', '0', 1, 275),
(411, 7, '2019-10-10 05:24:35', '2019-10-10 12:24:36', '0', 1, 276),
(411, 8, '2019-10-10 05:24:36', NULL, '0', 0, 277),
(412, 10, '2019-10-10 06:56:55', '2019-10-10 13:57:35', '0', 1, 278),
(412, 15, '2019-10-10 06:57:35', '2019-10-10 14:01:12', '0', 1, 279),
(412, 1, '2019-10-10 07:01:12', '2019-10-15 07:58:45', '0', 1, 280),
(388, 7, '2019-10-11 01:07:24', '2019-10-13 21:20:05', '0', 1, 282),
(391, 7, '2019-10-11 01:07:26', '2019-10-13 21:20:06', '0', 1, 283),
(432, 13, '2019-10-13 11:50:54', NULL, '0', 0, 284),
(433, 13, '2019-10-13 12:03:05', NULL, '0', 0, 285),
(434, 13, '2019-10-13 12:04:04', NULL, '0', 0, 286),
(435, 13, '2019-10-13 12:05:23', NULL, '0', 0, 287),
(436, 13, '2019-10-13 12:05:43', NULL, '0', 0, 288),
(437, 5, '2019-10-13 12:16:40', NULL, '0', 0, 289),
(438, 5, '2019-10-13 12:28:20', NULL, '0', 0, 290),
(439, 5, '2019-10-13 14:08:56', NULL, '0', 0, 291),
(440, 5, '2019-10-13 14:13:10', NULL, '0', 0, 292),
(388, 8, '2019-10-13 14:20:06', NULL, '0', 0, 293),
(391, 8, '2019-10-13 14:20:06', NULL, '0', 0, 294),
(395, 4, '2019-10-13 14:20:31', '2019-10-14 14:52:32', '0', 1, 295),
(441, 6, '2019-10-14 00:58:34', '2019-10-14 14:42:42', '0', 1, 296),
(381, 6, '2019-10-14 00:58:58', '2019-10-14 14:43:24', '0', 1, 297),
(442, 3, '2019-10-14 01:24:38', NULL, '0', 0, 299),
(443, 4, '2019-10-14 01:33:23', NULL, '0', 0, 300),
(444, 1, '2019-10-14 03:29:58', '2019-10-14 14:52:46', '0', 1, 301),
(403, 2, '2019-10-14 05:49:37', '2019-10-14 12:49:38', '0', 1, 302),
(403, 3, '2019-10-14 05:49:39', '2019-10-14 12:49:39', '0', 1, 303),
(403, 4, '2019-10-14 05:49:40', '2019-10-14 12:49:42', '0', 1, 304),
(403, 5, '2019-10-14 05:49:42', '2019-10-14 12:49:44', '0', 1, 305),
(403, 6, '2019-10-14 05:49:44', '2019-10-14 12:49:44', '0', 1, 306),
(403, 7, '2019-10-14 05:49:45', '2019-10-14 12:49:45', '0', 1, 307),
(403, 8, '2019-10-14 05:49:46', '2019-10-14 12:49:48', '0', 1, 308),
(403, 1, '2019-10-14 05:49:49', '2019-10-15 14:23:30', '0', 1, 309),
(441, 8, '2019-10-14 07:42:43', '2019-10-23 06:31:55', '0', 1, 310),
(381, 7, '2019-10-14 07:43:24', '2019-10-28 10:14:27', '0', 1, 311),
(395, 6, '2019-10-14 07:52:32', '2019-10-16 08:35:03', '0', 1, 312),
(444, 2, '2019-10-14 07:52:47', '2019-10-14 16:31:38', '0', 1, 313),
(445, 4, '2019-10-14 08:12:26', NULL, '0', 0, 314),
(446, 4, '2019-10-14 08:16:54', '2019-10-21 16:23:57', '0', 1, 315),
(447, 9, '2019-10-14 08:35:40', '2019-10-15 10:28:24', '0', 1, 316),
(444, 3, '2019-10-14 09:31:38', '2019-10-18 10:07:15', '0', 1, 317),
(401, 2, '2019-10-14 09:31:49', '2019-10-14 16:36:41', '0', 1, 318),
(401, 3, '2019-10-14 09:36:42', '2019-10-18 10:31:21', '0', 1, 319),
(449, 15, '2019-10-14 15:02:52', '2019-10-14 22:02:58', '0', 1, 320),
(449, 4, '2019-10-14 15:02:59', '2019-10-21 16:23:59', '0', 1, 321),
(407, 8, '2019-10-15 00:55:54', '2019-10-23 06:31:48', '0', 1, 322),
(412, 4, '2019-10-15 00:58:46', '2019-10-15 14:19:10', '0', 1, 323),
(450, 4, '2019-10-15 02:03:11', NULL, '0', 0, 324),
(451, 4, '2019-10-15 02:04:45', NULL, '0', 0, 325),
(452, 4, '2019-10-15 02:06:40', '2019-10-15 14:59:28', '0', 1, 326),
(405, 8, '2019-10-15 03:26:21', NULL, '0', 0, 327),
(404, 8, '2019-10-15 03:26:35', NULL, '0', 0, 328),
(453, 9, '2019-10-15 03:27:43', '2019-10-15 16:58:25', '0', 1, 329),
(447, 16, '2019-10-15 03:28:24', '2019-10-15 10:28:50', '0', 1, 330),
(447, 15, '2019-10-15 03:28:51', '2019-10-15 10:29:04', '0', 1, 331),
(447, 1, '2019-10-15 03:29:04', '2019-10-15 10:29:17', '0', 1, 332),
(447, 4, '2019-10-15 03:29:17', '2019-10-15 10:36:55', '0', 1, 333),
(454, 9, '2019-10-15 03:31:48', '2019-10-15 10:37:10', '0', 1, 334),
(447, 8, '2019-10-15 03:36:56', '2019-10-23 06:31:57', '0', 1, 335),
(454, 15, '2019-10-15 03:37:11', '2019-10-15 10:37:26', '0', 1, 336),
(454, 4, '2019-10-15 03:37:27', '2019-10-16 17:16:22', '0', 1, 337),
(455, 9, '2019-10-15 05:45:24', '2019-10-16 17:17:18', '0', 1, 338),
(412, 8, '2019-10-15 07:19:10', '2019-10-23 06:31:53', '0', 1, 339),
(456, 1, '2019-10-15 07:19:18', '2019-11-01 23:18:33', '0', 1, 340),
(413, 16, '2019-10-15 07:21:30', '2019-10-15 14:21:33', '0', 1, 341),
(413, 15, '2019-10-15 07:21:34', '2019-10-15 14:22:05', '0', 1, 342),
(413, 4, '2019-10-15 07:22:06', '2019-10-15 14:23:23', '0', 1, 343),
(413, 15, '2019-10-15 07:23:23', '2019-10-22 13:00:54', '0', 1, 344),
(403, 4, '2019-10-15 07:23:31', '2019-10-15 16:09:59', '0', 1, 345),
(452, 8, '2019-10-15 07:59:28', '2019-10-23 06:32:01', '0', 1, 346),
(403, 8, '2019-10-15 09:09:59', NULL, '0', 0, 347),
(457, 9, '2019-10-15 09:33:39', '2019-10-18 08:24:41', '0', 1, 348),
(458, 9, '2019-10-15 09:55:47', '2019-10-15 16:57:30', '0', 1, 349),
(458, 16, '2019-10-15 09:57:31', '2019-10-15 16:57:37', '0', 1, 350),
(458, 15, '2019-10-15 09:57:37', '2019-10-15 16:57:43', '0', 1, 351),
(458, 8, '2019-10-15 09:57:44', '2019-10-23 06:32:15', '0', 1, 352),
(453, 15, '2019-10-15 09:58:25', '2019-10-15 16:58:36', '0', 1, 353),
(453, 4, '2019-10-15 09:58:37', '2019-10-16 17:16:27', '0', 1, 354),
(383, 2, '2019-10-16 01:09:32', '2019-10-16 14:02:53', '0', 1, 355),
(395, 7, '2019-10-16 01:35:03', '2019-10-16 15:17:03', '0', 1, 356),
(459, 10, '2019-10-16 02:44:37', '2019-10-16 09:45:53', '0', 1, 357),
(459, 15, '2019-10-16 02:45:53', '2019-10-17 18:16:47', '0', 1, 358),
(382, 15, '2019-10-16 06:29:44', '2019-10-16 13:33:57', '0', 1, 359),
(396, 15, '2019-10-16 06:29:54', '2019-10-16 13:34:03', '0', 1, 360),
(382, 1, '2019-10-16 06:33:57', '2019-10-18 09:52:01', '0', 1, 361),
(396, 1, '2019-10-16 06:34:04', '2019-10-18 08:59:28', '0', 1, 362),
(383, 3, '2019-10-16 07:02:54', '2019-10-21 11:03:28', '0', 1, 363),
(395, 8, '2019-10-16 08:17:03', NULL, '0', 0, 364),
(393, 2, '2019-10-16 09:44:23', '2019-10-18 14:11:23', '0', 1, 365),
(454, 8, '2019-10-16 10:16:23', '2019-10-22 21:53:00', '0', 1, 366),
(453, 8, '2019-10-16 10:16:27', '2019-10-23 06:32:06', '0', 1, 367),
(455, 15, '2019-10-16 10:17:18', '2019-10-16 17:17:32', '0', 1, 368),
(455, 8, '2019-10-16 10:17:32', '2019-10-23 06:32:13', '0', 1, 369),
(460, 9, '2019-10-17 02:30:30', '2019-10-18 08:15:22', '0', 1, 370),
(354, 7, '2019-10-17 04:06:39', NULL, '0', 0, 371),
(354, 8, '2019-10-17 04:06:39', NULL, '0', 0, 372),
(406, 8, '2019-10-17 05:17:57', '2019-10-23 06:31:51', '0', 1, 373),
(461, 9, '2019-10-17 05:19:10', '2019-10-17 12:20:15', '0', 1, 374),
(402, 4, '2019-10-17 05:19:50', '2019-10-24 09:18:28', '0', 1, 375),
(461, 15, '2019-10-17 05:20:16', '2019-10-23 10:22:09', '0', 1, 376),
(459, 4, '2019-10-17 11:16:47', '2019-10-18 10:05:32', '0', 1, 377),
(460, 16, '2019-10-18 01:15:23', NULL, '0', 0, 378),
(408, 14, '2019-10-18 01:19:26', NULL, '0', 0, 379),
(414, 10, '2019-10-18 01:24:16', '2019-10-18 08:38:50', '0', 1, 380),
(376, 10, '2019-10-18 01:24:16', '2019-10-18 08:38:50', '0', 1, 381),
(374, 10, '2019-10-18 01:24:17', '2019-10-18 08:38:48', '0', 1, 382),
(375, 10, '2019-10-18 01:24:17', '2019-10-18 08:38:49', '0', 1, 383),
(377, 10, '2019-10-18 01:24:41', '2019-10-18 08:38:51', '0', 1, 384),
(457, 10, '2019-10-18 01:24:41', '2019-10-18 08:38:51', '0', 1, 385),
(374, 11, '2019-10-18 01:38:49', NULL, '0', 0, 386),
(375, 11, '2019-10-18 01:38:49', NULL, '0', 0, 387),
(376, 11, '2019-10-18 01:38:50', '2019-10-18 10:58:14', '0', 1, 388),
(414, 11, '2019-10-18 01:38:51', NULL, '0', 0, 389),
(377, 11, '2019-10-18 01:38:51', NULL, '0', 0, 390),
(457, 11, '2019-10-18 01:38:52', NULL, '0', 0, 391),
(371, 10, '2019-10-18 01:38:57', NULL, '0', 0, 392),
(396, 2, '2019-10-18 01:59:29', '2019-10-18 08:59:36', '0', 1, 393),
(396, 3, '2019-10-18 01:59:36', '2019-10-22 13:46:53', '0', 1, 394),
(463, 9, '2019-10-18 02:03:19', '2019-10-18 09:04:30', '0', 1, 395),
(463, 10, '2019-10-18 02:04:31', '2019-10-18 09:10:33', '0', 1, 396),
(464, 9, '2019-10-18 02:05:08', '2019-10-18 09:05:47', '0', 1, 397),
(464, 11, '2019-10-18 02:05:48', '2019-10-24 09:51:26', '0', 1, 398),
(465, 10, '2019-10-18 02:06:41', '2019-10-18 09:07:49', '0', 1, 399),
(465, 11, '2019-10-18 02:07:49', NULL, '0', 0, 400),
(466, 10, '2019-10-18 02:08:04', '2019-10-18 09:10:00', '0', 1, 401),
(467, 10, '2019-10-18 02:08:13', '2019-10-18 09:09:59', '0', 1, 402),
(468, 10, '2019-10-18 02:08:44', '2019-10-18 09:10:32', '0', 1, 403),
(467, 11, '2019-10-18 02:09:59', NULL, '0', 0, 404),
(466, 11, '2019-10-18 02:10:00', NULL, '0', 0, 405),
(468, 11, '2019-10-18 02:10:33', '2019-10-18 10:29:48', '0', 1, 406),
(463, 11, '2019-10-18 02:10:34', NULL, '0', 0, 407),
(469, 10, '2019-10-18 02:11:52', '2019-10-18 09:21:42', '0', 1, 408),
(470, 10, '2019-10-18 02:12:00', '2019-10-18 09:21:39', '0', 1, 409),
(471, 10, '2019-10-18 02:15:51', '2019-10-18 09:21:41', '0', 1, 410),
(363, 8, '2019-10-18 02:20:47', NULL, '0', 0, 411),
(470, 11, '2019-10-18 02:21:39', NULL, '0', 0, 412),
(471, 11, '2019-10-18 02:21:41', NULL, '0', 0, 413),
(469, 11, '2019-10-18 02:21:42', '2019-10-28 14:41:46', '0', 1, 414),
(472, 9, '2019-10-18 02:25:23', NULL, '0', 0, 415),
(473, 9, '2019-10-18 02:25:49', NULL, '0', 0, 416),
(474, 9, '2019-10-18 02:26:55', NULL, '0', 0, 417),
(382, 2, '2019-10-18 02:52:01', '2019-10-22 10:18:49', '0', 1, 418),
(459, 8, '2019-10-18 03:05:33', NULL, '0', 1, 419),
(444, 4, '2019-10-18 03:07:16', '2019-10-21 16:24:24', '0', 1, 420),
(468, 15, '2019-10-18 03:29:49', '2019-10-28 11:21:52', '0', 1, 421),
(401, 4, '2019-10-18 03:31:21', '2019-10-21 16:24:36', '0', 1, 422),
(376, 15, '2019-10-18 03:58:14', '2019-10-18 10:58:18', '0', 1, 423),
(376, 4, '2019-10-18 03:58:19', '2019-10-18 11:14:11', '0', 1, 424),
(376, 5, '2019-10-18 04:14:12', '2019-10-18 11:14:36', '0', 1, 425),
(376, 7, '2019-10-18 04:14:36', '2019-10-18 15:20:49', '0', 1, 426),
(475, 9, '2019-10-18 05:23:42', '2019-10-21 08:48:39', '0', 1, 427),
(476, 4, '2019-10-18 05:27:30', '2019-10-25 10:41:59', '0', 1, 428),
(393, 1, '2019-10-18 07:11:24', '2019-10-23 10:21:54', '0', 1, 429),
(376, 8, '2019-10-18 08:20:49', NULL, '0', 0, 430),
(475, 15, '2019-10-21 01:48:40', '2019-10-21 08:48:53', '0', 1, 431),
(475, 8, '2019-10-21 01:48:54', '2019-10-28 09:52:16', '0', 1, 432),
(477, 9, '2019-10-21 01:49:51', '2019-10-21 08:57:20', '0', 1, 433),
(477, 15, '2019-10-21 01:57:21', '2019-10-21 08:57:34', '0', 1, 434),
(477, 4, '2019-10-21 01:57:34', '2019-10-22 10:17:35', '0', 1, 435),
(383, 4, '2019-10-21 04:03:28', '2019-10-23 09:52:34', '0', 1, 436),
(446, 6, '2019-10-21 09:23:58', NULL, '0', 0, 437),
(449, 6, '2019-10-21 09:23:59', '2019-10-23 10:14:56', '0', 1, 438),
(444, 5, '2019-10-21 09:24:24', '2019-10-22 10:14:33', '0', 1, 439),
(401, 5, '2019-10-21 09:24:36', '2019-10-23 07:27:45', '0', 1, 440),
(398, 15, '2019-10-22 01:08:36', '2019-10-22 08:28:25', '0', 1, 441),
(398, 1, '2019-10-22 01:28:25', '2019-10-22 14:52:37', '0', 1, 442),
(444, 6, '2019-10-22 03:14:34', '2019-10-27 17:29:49', '0', 1, 443),
(477, 8, '2019-10-22 03:17:35', '2019-10-28 09:52:18', '0', 1, 444),
(382, 3, '2019-10-22 03:18:49', '2019-10-23 11:26:36', '0', 1, 445),
(478, 1, '2019-10-22 03:52:37', '2019-10-23 13:33:49', '0', 1, 446),
(479, 9, '2019-10-22 04:26:59', '2019-10-22 11:28:09', '0', 1, 447),
(479, 15, '2019-10-22 04:28:10', '2019-10-22 11:28:18', '0', 1, 448),
(479, 4, '2019-10-22 04:28:18', '2019-10-22 13:00:38', '0', 1, 449),
(480, 9, '2019-10-22 05:29:10', NULL, '0', 0, 450),
(479, 8, '2019-10-22 06:00:39', '2019-10-28 09:52:21', '0', 1, 451),
(413, 4, '2019-10-22 06:00:55', NULL, '0', 0, 452),
(396, 4, '2019-10-22 06:46:54', '2019-10-23 13:32:23', '0', 1, 453),
(398, 2, '2019-10-22 07:52:38', '2019-10-22 15:37:43', '0', 1, 454),
(397, 15, '2019-10-22 08:11:11', '2019-10-23 10:21:58', '0', 1, 455),
(398, 3, '2019-10-22 08:37:43', '2019-10-23 14:11:04', '0', 1, 456),
(481, 11, '2019-10-22 09:45:54', '2019-10-22 16:54:49', '0', 1, 457),
(481, 16, '2019-10-22 09:54:49', NULL, '0', 0, 458),
(401, 6, '2019-10-23 00:27:45', '2019-10-23 07:28:12', '0', 1, 459),
(401, 7, '2019-10-23 00:28:12', '2019-10-23 10:34:49', '0', 1, 460),
(383, 6, '2019-10-23 02:52:34', NULL, '0', 0, 461),
(449, 8, '2019-10-23 03:14:56', '2019-10-28 09:52:08', '0', 1, 462),
(393, 15, '2019-10-23 03:21:55', '2019-10-29 13:34:56', '0', 1, 463),
(397, 1, '2019-10-23 03:21:58', '2019-10-23 13:35:20', '0', 1, 464),
(461, 1, '2019-10-23 03:22:10', '2019-10-24 10:18:18', '0', 1, 465),
(401, 8, '2019-10-23 03:34:50', '2019-10-28 09:52:01', '0', 1, 466),
(382, 4, '2019-10-23 04:26:36', '2019-10-25 09:44:36', '0', 1, 467),
(385, 15, '2019-10-23 06:12:17', '2019-10-29 13:34:57', '0', 1, 468),
(399, 15, '2019-10-23 06:12:20', '2019-10-29 13:34:55', '0', 1, 469),
(400, 15, '2019-10-23 06:12:24', '2019-10-24 10:18:28', '0', 1, 470),
(396, 5, '2019-10-23 06:32:24', '2019-10-24 07:43:32', '0', 1, 471),
(478, 2, '2019-10-23 06:33:49', '2019-10-23 13:34:10', '0', 1, 472),
(478, 1, '2019-10-23 06:34:11', '2019-10-23 13:57:16', '0', 1, 473),
(397, 2, '2019-10-23 06:35:20', '2019-10-23 14:18:35', '0', 1, 474),
(478, 2, '2019-10-23 06:57:16', '2019-10-23 13:57:18', '0', 1, 475),
(478, 3, '2019-10-23 06:57:19', '2019-10-24 17:19:27', '0', 1, 476),
(398, 4, '2019-10-23 07:11:05', '2019-10-24 15:53:39', '0', 1, 477),
(397, 1, '2019-10-23 07:18:35', NULL, '0', 0, 478),
(396, 7, '2019-10-24 00:43:33', '2019-10-30 08:06:36', '0', 1, 479),
(482, 15, '2019-10-24 02:01:56', '2019-10-24 09:50:01', '0', 1, 480),
(483, 15, '2019-10-24 02:12:35', '2019-10-28 09:31:16', '0', 1, 481),
(402, 6, '2019-10-24 02:18:28', NULL, '0', 0, 482),
(482, 1, '2019-10-24 02:50:02', '2019-10-24 12:35:09', '0', 1, 483),
(464, 15, '2019-10-24 02:51:26', '2019-10-24 09:51:31', '0', 1, 484),
(464, 1, '2019-10-24 02:51:31', '2019-10-25 09:18:10', '0', 1, 485),
(461, 2, '2019-10-24 03:18:19', '2019-10-24 12:35:50', '0', 1, 486),
(400, 1, '2019-10-24 03:18:29', '2019-10-24 10:46:42', '0', 1, 487),
(400, 2, '2019-10-24 03:46:42', '2019-10-24 11:46:12', '0', 1, 488),
(307, 14, '2019-10-24 03:48:09', '2019-10-24 10:48:13', '0', 1, 489),
(307, 15, '2019-10-24 03:48:14', '2019-10-24 10:48:17', '0', 1, 490),
(307, 1, '2019-10-24 03:48:18', '2019-10-25 09:25:20', '0', 1, 491),
(308, 14, '2019-10-24 03:48:57', '2019-10-24 10:49:01', '0', 1, 492),
(308, 15, '2019-10-24 03:49:02', '2019-10-25 09:25:24', '0', 1, 493),
(310, 14, '2019-10-24 03:49:04', '2019-10-29 13:42:29', '0', 1, 494),
(309, 14, '2019-10-24 03:49:07', '2019-10-29 13:42:28', '0', 1, 495),
(305, 14, '2019-10-24 03:49:08', '2019-10-29 13:34:10', '0', 1, 496),
(306, 14, '2019-10-24 03:49:09', '2019-10-29 13:34:02', '0', 1, 497),
(311, 14, '2019-10-24 03:49:11', '2019-10-24 10:50:10', '0', 1, 498),
(312, 14, '2019-10-24 03:49:12', '2019-10-24 10:50:09', '0', 1, 499),
(313, 14, '2019-10-24 03:49:13', '2019-10-24 10:50:11', '0', 1, 500),
(314, 14, '2019-10-24 03:49:14', '2019-10-29 13:42:29', '0', 1, 501),
(315, 14, '2019-10-24 03:49:15', '2019-10-24 10:50:01', '0', 1, 502),
(316, 14, '2019-10-24 03:49:16', '2019-10-24 10:50:00', '0', 1, 503),
(317, 14, '2019-10-24 03:49:17', '2019-10-24 10:49:59', '0', 1, 504),
(318, 14, '2019-10-24 03:49:19', NULL, '0', 0, 505),
(319, 14, '2019-10-24 03:49:20', '2019-10-24 10:49:52', '0', 1, 506),
(320, 14, '2019-10-24 03:49:21', '2019-10-24 10:50:14', '0', 1, 507),
(321, 14, '2019-10-24 03:49:24', '2019-10-24 10:49:49', '0', 1, 508),
(322, 14, '2019-10-24 03:49:25', '2019-10-24 10:49:45', '0', 1, 509),
(323, 14, '2019-10-24 03:49:26', '2019-10-24 10:49:48', '0', 1, 510),
(324, 14, '2019-10-24 03:49:28', '2019-10-24 10:49:46', '0', 1, 511),
(322, 9, '2019-10-24 03:49:46', NULL, '0', 0, 512),
(324, 9, '2019-10-24 03:49:47', NULL, '0', 0, 513),
(323, 9, '2019-10-24 03:49:48', NULL, '0', 0, 514),
(321, 9, '2019-10-24 03:49:49', NULL, '0', 0, 515),
(319, 9, '2019-10-24 03:49:52', NULL, '0', 0, 516),
(317, 9, '2019-10-24 03:49:59', NULL, '0', 0, 517),
(316, 9, '2019-10-24 03:50:00', NULL, '0', 0, 518),
(315, 9, '2019-10-24 03:50:02', NULL, '0', 0, 519),
(312, 9, '2019-10-24 03:50:09', NULL, '0', 0, 520),
(311, 9, '2019-10-24 03:50:10', NULL, '0', 0, 521),
(313, 9, '2019-10-24 03:50:12', NULL, '0', 0, 522),
(320, 9, '2019-10-24 03:50:15', NULL, '0', 0, 523),
(400, 3, '2019-10-24 04:46:13', '2019-10-24 11:46:18', '0', 1, 524),
(400, 4, '2019-10-24 04:46:19', '2019-10-24 11:46:20', '0', 1, 525),
(400, 5, '2019-10-24 04:46:20', '2019-10-24 12:00:45', '0', 1, 526),
(400, 6, '2019-10-24 05:00:45', '2019-10-24 12:12:40', '0', 1, 527),
(400, 2, '2019-10-24 05:12:41', '2019-10-24 14:46:17', '0', 1, 528),
(482, 8, '2019-10-24 05:35:10', '2019-10-28 09:52:22', '0', 1, 529),
(461, 4, '2019-10-24 05:35:50', '2019-10-24 14:48:00', '0', 1, 530),
(484, 1, '2019-10-24 06:49:33', '2019-10-25 08:29:18', '0', 1, 531),
(400, 3, '2019-10-24 07:46:17', '2019-10-25 12:01:22', '0', 1, 532),
(461, 2, '2019-10-24 07:48:01', NULL, '0', 0, 533),
(485, 15, '2019-10-24 08:15:45', '2019-10-24 15:39:07', '0', 1, 534),
(485, 4, '2019-10-24 08:39:08', '2019-10-24 16:23:00', '0', 1, 535),
(398, 5, '2019-10-24 08:53:40', '2019-10-25 10:37:50', '0', 1, 536),
(485, 8, '2019-10-24 09:23:31', NULL, '0', 0, 537),
(478, 4, '2019-10-24 10:19:27', '2019-10-30 15:14:02', '0', 1, 538),
(484, 2, '2019-10-25 01:29:18', '2019-10-25 15:44:19', '0', 1, 539),
(486, 15, '2019-10-25 01:34:08', '2019-10-29 13:34:19', '0', 1, 540),
(464, 4, '2019-10-25 02:18:11', '2019-10-25 15:04:29', '0', 1, 541),
(308, 1, '2019-10-25 02:25:24', '2019-10-25 09:26:11', '0', 1, 542),
(308, 4, '2019-10-25 02:26:11', '2019-11-01 09:31:06', '0', 1, 543),
(382, 5, '2019-10-25 02:44:36', '2019-10-29 10:11:15', '0', 1, 544),
(327, 15, '2019-10-25 02:50:57', '2019-10-25 09:51:04', '0', 1, 545),
(327, 1, '2019-10-25 02:51:04', '2019-10-29 09:34:57', '0', 1, 546),
(487, 1, '2019-10-25 02:59:31', NULL, '0', 0, 547),
(488, 6, '2019-10-25 03:36:51', '2019-10-29 09:10:38', '0', 1, 548),
(398, 6, '2019-10-25 03:37:51', '2019-10-28 16:03:47', '0', 1, 549),
(476, 6, '2019-10-25 03:41:59', '2019-10-25 10:42:00', '0', 1, 550),
(476, 7, '2019-10-25 03:42:01', '2019-10-28 10:01:15', '0', 1, 551),
(489, 1, '2019-10-25 03:45:23', '2019-10-30 10:27:06', '0', 1, 552),
(400, 4, '2019-10-25 05:01:22', NULL, '0', 0, 554),
(464, 8, '2019-10-25 08:04:29', '2019-10-28 09:52:10', '0', 1, 556),
(484, 3, '2019-10-25 08:44:19', '2019-10-30 16:33:36', '0', 1, 557),
(444, 8, '2019-10-27 10:29:49', '2019-10-28 09:52:05', '0', 1, 558),
(483, 16, '2019-10-28 02:31:17', '2019-10-28 14:36:56', '0', 1, 559),
(490, 4, '2019-10-28 02:35:02', '2019-10-31 14:56:19', '0', 1, 560),
(476, 8, '2019-10-28 03:01:16', NULL, '0', 0, 561),
(381, 8, '2019-10-28 03:14:27', NULL, '0', 0, 562),
(468, 4, '2019-10-28 04:21:53', NULL, '0', 0, 563),
(483, 11, '2019-10-28 07:36:57', NULL, '0', 0, 564),
(469, 15, '2019-10-28 07:41:47', '2019-10-28 14:41:58', '0', 1, 565),
(469, 4, '2019-10-28 07:41:58', '2019-11-01 08:54:07', '0', 1, 566),
(398, 7, '2019-10-28 09:03:47', '2019-10-30 08:06:38', '0', 1, 567),
(488, 8, '2019-10-29 02:10:39', NULL, '0', 0, 568),
(327, 2, '2019-10-29 02:34:57', '2019-10-30 08:17:42', '0', 1, 569),
(382, 6, '2019-10-29 03:11:16', NULL, '0', 0, 570),
(491, 16, '2019-10-29 03:55:40', '2019-10-29 19:25:20', '0', 1, 571),
(306, 9, '2019-10-29 06:34:03', NULL, '0', 0, 572),
(305, 9, '2019-10-29 06:34:11', NULL, '0', 0, 573),
(486, 1, '2019-10-29 06:34:20', NULL, '0', 0, 574),
(399, 16, '2019-10-29 06:34:55', '2019-10-29 19:26:21', '0', 1, 575),
(393, 16, '2019-10-29 06:34:56', '2019-10-29 14:18:57', '0', 1, 576),
(385, 16, '2019-10-29 06:34:57', '2019-10-29 19:26:16', '0', 1, 577),
(309, 15, '2019-10-29 06:42:29', NULL, '0', 0, 578),
(314, 15, '2019-10-29 06:42:29', '2019-10-29 13:42:37', '0', 1, 579),
(310, 15, '2019-10-29 06:42:30', NULL, '0', 0, 580),
(314, 14, '2019-10-29 06:42:37', NULL, '0', 0, 581),
(492, 9, '2019-10-29 07:28:40', '2019-10-30 10:22:18', '0', 1, 582),
(491, 1, '2019-10-29 12:25:20', NULL, '0', 0, 583),
(386, 1, '2019-10-29 12:26:07', '2019-11-01 10:29:12', '0', 1, 584),
(385, 1, '2019-10-29 12:26:16', NULL, '0', 0, 585),
(399, 1, '2019-10-29 12:26:22', NULL, '0', 0, 586),
(396, 17, '2019-10-30 01:06:37', '2019-10-30 08:06:48', '0', 1, 587),
(398, 17, '2019-10-30 01:06:39', '2019-10-30 08:06:49', '0', 1, 588),
(396, 6, '2019-10-30 01:06:48', '2019-10-30 08:07:33', '0', 1, 589),
(398, 6, '2019-10-30 01:06:49', '2019-10-30 08:07:37', '0', 1, 590),
(396, 17, '2019-10-30 01:07:33', '2019-11-01 07:47:29', '0', 1, 591),
(398, 17, '2019-10-30 01:07:38', '2019-11-01 07:47:31', '0', 1, 592),
(327, 4, '2019-10-30 01:17:42', NULL, '0', 0, 593),
(492, 1, '2019-10-30 03:22:19', NULL, '0', 0, 594),
(489, 4, '2019-10-30 03:27:07', NULL, '0', 0, 595),
(478, 8, '2019-10-30 08:14:03', NULL, '0', 0, 596),
(484, 4, '2019-10-30 09:33:36', '2019-10-31 16:30:01', '0', 1, 597),
(490, 5, '2019-10-31 07:56:19', '2019-11-01 10:16:21', '0', 1, 598),
(484, 5, '2019-10-31 09:30:01', '2019-11-01 16:47:09', '0', 1, 599),
(396, 7, '2019-11-01 00:47:30', NULL, '0', 0, 600),
(398, 7, '2019-11-01 00:47:31', NULL, '0', 0, 601),
(469, 8, '2019-11-01 01:54:08', NULL, '0', 0, 602),
(493, 1, '2019-11-01 01:59:32', NULL, '0', 0, 603),
(308, 5, '2019-11-01 02:31:06', NULL, '0', 0, 604),
(490, 6, '2019-11-01 03:16:21', NULL, '0', 0, 605),
(494, 4, '2019-11-01 03:24:11', NULL, '0', 0, 606),
(484, 6, '2019-11-01 09:47:10', '2019-11-01 16:47:26', '0', 1, 607),
(484, 5, '2019-11-01 09:47:26', NULL, '0', 0, 608),
(456, 2, '2019-11-01 16:18:34', NULL, '0', 0, 609);

-- 
-- Dumping data for table stage
--
INSERT INTO stage VALUES
(1, 'В работу', 'Точка принятия обязательств перед клиентом. С этого момента иджет отсчет времени когда мы договорились с клиентом о том что работа будет выполненна', 8),
(2, 'Анализ в работе', 'Задачи которые взяли для анализа', 9),
(3, 'Анализ Готово', 'есть план и можно брать в работу', 10),
(4, 'Разработка в работе', 'Решение задачи', 11),
(5, 'Разработка в готово', 'Задача подготовленна для код ревью', 12),
(6, 'Тестирование', 'На этом этапе мы ищем ошибки. Выгрузка в хранилище', 13),
(7, 'UAT', 'В боевой базе. Происходит приемка пользователем', 15),
(8, 'Готово', 'Задача полность выполненна', 16),
(9, 'Идея', NULL, 1),
(10, 'Проработка в работе', NULL, 2),
(11, 'Проработка Готово', NULL, 3),
(12, 'USM', NULL, 4),
(13, 'Архитектура', NULL, 5),
(14, 'USM', NULL, 6),
(15, 'Подготовлено в работу', NULL, 7),
(16, 'Подготовлено в работу', NULL, 7),
(17, 'Ready to delivery', NULL, 14);

-- 
-- Dumping data for table responsibleusersbytask
--
-- Table kanbantool.responsibleusersbytask does not contain any data (it is empty)

-- 
-- Dumping data for table deskstages
--
INSERT INTO deskstages VALUES
(1, 15),
(1, 2),
(1, 3),
(1, 4),
(1, 5),
(1, 6),
(1, 7),
(1, 8),
(2, 9),
(2, 10),
(2, 11),
(2, 12),
(2, 13),
(2, 14),
(2, 15),
(1, 1),
(2, 16),
(1, 17),
(2, 1);

-- 
-- Dumping data for table desk
--
INSERT INTO desk VALUES
(1, 'SystemKanbanDesk', 'Доска подразделения ОИО', '131;125;117;111;109', '        <div class="KanbanDesk" style="grid-template-columns: repeat(auto-fit, minmax(200px, 1fr));     width: 100%;">\n \n              <div class="KanbanColumn" id="Stage15" style="display:none" >\n                 <div class="NameColumn">В работу<span class="count"></span></div>\n                 <div class="KanbanColumnContent">\n                 </div>\n             </div>\n\t\t\t \n             <div class="KanbanColumn" id="Stage1"  >\n                 <div class="NameColumn">В работу<span class="count"></span></div>\n                 <div class="KanbanColumnContent">\n                 </div>\n             </div>\n \n            <div class="KanbanColumn" id="Stage2"  >\n                 <div class="NameColumn">Анализ В работе <span class="count"></span></div>\n                 <div class="KanbanColumnContent">\n                 </div>\n             </div>\n \n             <div class="KanbanColumn" id="Stage3"  >\n                 <div class="NameColumn">Анализ Готово<span class="count"></span></div>\n                 <div class="KanbanColumnContent">\n                 </div>\n             </div>\n \n             <div class="KanbanColumn" id="Stage4"  >\n                 <div class="NameColumn">Разработка в работе<span class="count"></span></div>\n                 <div class="KanbanColumnContent">\n                 </div>\n             </div>\n \n             <div class="KanbanColumn" id="Stage5"  >\n                 <div class="NameColumn">Разработка Готово<span class="count"></span></div>\n                 <div class="KanbanColumnContent">\n                 </div>\n             </div>\n \n             <div class="KanbanColumn" id="Stage6"  >\n                 <div class="NameColumn">Тестирование<span class="count"></span></div>\n                 <div class="KanbanColumnContent">\n                 </div>\n             </div>\n\t\t\t \n             <div class="KanbanColumn" id="Stage17"  >\n                 <div class="NameColumn">Ready to delivery<span class="count"></span></div>\n                 <div class="KanbanColumnContent">\n                 </div>\n             </div>\n\t\t\t \n             <div class="KanbanColumn" id="Stage7"  >\n                 <div class="NameColumn">UAT<span class="count"></span></div>\n                 <div class="KanbanColumnContent">\n                 </div>\n             </div>\n \n            <div class="KanbanColumn" id="Stage8"  >\n                 <div class="NameColumn">Готово<span class="count"></span></div>\n                 <div class="KanbanColumnContent">\n                 </div>\n             </div>\n         </div>', 1, '8'),
(2, 'UpstreamKanbanDesk', 'Discovery', '131;125;117;111;109', '<div class="KanbanDeskCanvas" id="">\n        <div class="KanbanDesk" style="grid-template-columns: 1fr 1fr 1fr 4fr 1fr;     width: 100%;">\n            <div class="KanbanColumn" id="Stage9"  >\n                <div class="NameColumn">Идея<span class="count"></span></div>\n                <div class="KanbanColumnContent">\n                </div>\n            </div>\n\n            <div class="KanbanColumn" id="Stage10"  >\n                <div class="NameColumn">Проработка в работе<span class="count"></span></div>\n                <div class="KanbanColumnContent">\n                </div>\n            </div>\n\n           <div class="KanbanColumn" id="Stage11"  >\n                <div class="NameColumn">Проработка готово<span class="count"></span></div>\n                <div class="KanbanColumnContent">\n                </div>\n            </div>\n\n            <div class="KanbanRowView" style="grid-template-rows: 1fr auto;">\n              <div class="KanbanColumnView" >\n                  <div class="KanbanColumn" id="Stage12"  >\n                      <div class="NameColumn">USM<span class="count"></span></div>\n                      <div class="KanbanColumnContent">\n                      </div>\n                  </div>\n                  <div class="KanbanColumn" id="Stage13"  >\n                      <div class="NameColumn">Архитектура<span class="count"></span></div>\n                      <div class="KanbanColumnContent">\n                      </div>\n                  </div>\n                  <div class="KanbanColumn" id="Stage14"  >\n                      <div class="NameColumn">USM<span class="count"></span></div>\n                      <div class="KanbanColumnContent">\n                      </div>\n                  </div>\n                  <div class="KanbanColumn" id="Stage15"  >\n                    <div class="NameColumn">Подготовленно в работу<span class="count"></span></div>\n                    <div class="KanbanColumnContent">\n                  </div>\n            </div>\n              </div>\n                <div class="KanbanColumnView" >\n                    <div class="KanbanColumn" id="Stage16"  >\n                        <div class="NameColumn">Подготовленно в работу<span class="count"></span></div>\n                        <div class="KanbanColumnContent" style="grid-template-columns: 1fr 1fr 1fr 1fr;" >\n                        </div>\n                    </div>\n                </div>\n            </div>\n\n            <div class="KanbanColumn" id="Stage1"  >\n                    <div class="NameColumn">В работу<span class="count"></span></div>\n                    <div class="KanbanColumnContent">\n                  </div>            \n         \n    </div>\n\n\n</div>', 9, '15');

-- 
-- Dumping data for table bloker
--
INSERT INTO bloker VALUES
(1, 356, 'Самусев в отпуске', '2019-08-01 00:00:00', '2019-08-20 20:00:00', 'Дождались как вернется из отпуска', 1),
(2, 356, 'Ждем поставщика', '2019-09-01 00:00:00', '2019-09-18 14:12:13', 'Все обошлось', 1),
(17, 381, 'Дима ушел в отпуск, обработку не передал', '2019-09-22 00:00:00', '2019-10-07 08:00:00', 'Дима вышел из отпуска', 1),
(18, 387, 'Найдены ошибки при приемке', '2019-10-01 06:29:45', '2019-10-01 07:29:45', 'Оказалось что не подгрузил обработку в базу', 1),
(19, 390, 'Ждем диму из отпуска', '2019-10-04 04:47:06', '2019-10-07 03:48:02', 'Дима вышел из отпуска', 1),
(20, 354, 'найдены ошибки в отчете', '2019-10-07 05:19:59', '2019-10-14 09:38:14', 'Исправлены ошибки', 1),
(21, 381, 'Исправление запроса из-за неверной постановки задачи', '2019-10-10 02:04:05', '2019-10-14 07:42:53', 'Все исправили', 1),
(22, 411, 'ропорп', '2019-10-10 05:25:05', '2019-10-10 05:25:24', 'ропорпро', 1),
(23, 412, 'Ждем поставщика', '2019-10-15 02:13:38', '2019-10-15 07:20:58', 'ничего', 1),
(24, 446, 'Доступ к хранилищу', '2019-10-16 08:10:43', '2019-10-22 01:27:11', 'Развернули на отдельных машинах RDP', 1),
(25, 401, 'Необходимо уточнить у бухгалтерии реализацию', '2019-10-18 03:00:17', '2019-10-18 03:27:41', 'Уточнил все ', 1),
(26, 402, 'Руки не дошли', '2019-10-18 03:04:57', '2019-10-21 03:06:27', 'Руки дошли', 1),
(27, 449, 'Невозможно подключиться к хранилищу', '2019-10-17 07:30:56', '2019-10-22 01:27:39', 'Развернули на отдельных машинах RDP', 1),
(28, 444, 'ЖДЕМ ПЯТНИЦУ', '2019-10-23 03:14:14', '2019-10-27 10:29:34', 'Дождались', 1),
(29, 383, 'На этапе тестирования выяснились дополнительные требования. Производтсов не находит время обсудить новые требования.', '2019-10-23 08:51:28', '2019-10-30 03:07:20', 'Обсудили новые требования', 1),
(30, 402, 'Ждем 1 ноября, чтобы пользователи обьявились', '2019-10-24 03:09:43', '2019-11-01 03:15:24', 'дождались 1 числа', 1),
(31, 397, 'Сами не в курсе на фига логистам надо', '2019-10-24 03:18:03', NULL, '', 0),
(32, 413, 'Ждем пока отправят к нам из другой страны.', '2019-10-25 03:40:13', NULL, '', 0),
(33, 461, 'Руки не дошли', '2019-10-24 03:44:26', NULL, '', 0),
(34, 396, 'нашли ошибки в реализации из-за неверной постановки задачи', '2019-10-25 05:23:12', '2019-10-28 03:02:01', 'Исправили', 1),
(35, 478, 'Руки дне дошли', '2019-10-25 03:06:38', '2019-10-25 10:06:38', 'Руки дошли', 1),
(36, 396, 'Выявили ошибку', '2019-10-29 03:09:12', '2019-10-30 03:05:36', 'решили ошибку', 1),
(37, 382, 'Нашли ошибки', '2019-10-29 03:11:23', NULL, '', 0),
(38, 469, 'Ждем подрядчика', '2019-10-28 03:13:40', NULL, '', 0),
(39, 383, 'Реализация новых требовний', '2019-10-30 03:07:36', NULL, '', 0),
(40, 446, 'Нет задач, с изменения основной конфигурации', '2019-10-30 03:08:42', NULL, '', 0);

-- 
-- Restore previous SQL mode
-- 
/*!40101 SET SQL_MODE=@OLD_SQL_MODE */;

-- 
-- Enable foreign keys
-- 
/*!40014 SET FOREIGN_KEY_CHECKS=@OLD_FOREIGN_KEY_CHECKS */;